type	sample	mutation_count	coverage	purity	spn	mean_mutation_count
INDEL	SPN01_1.1	3215	50	0.3	SPN01	3100.66666666667
INDEL	SPN01_1.2	1747	50	0.3	SPN01	3100.66666666667
INDEL	SPN01_1.3	4340	50	0.3	SPN01	3100.66666666667
SNV	SPN01_1.1	31107	50	0.3	SPN01	29727.3333333333
SNV	SPN01_1.2	16411	50	0.3	SPN01	29727.3333333333
SNV	SPN01_1.3	41664	50	0.3	SPN01	29727.3333333333
INDEL	SPN02_1.1	17954	50	0.3	SPN02	15503.5
INDEL	SPN02_1.2	13053	50	0.3	SPN02	15503.5
SNV	SPN02_1.1	252124	50	0.3	SPN02	217702
SNV	SPN02_1.2	183280	50	0.3	SPN02	217702
INDEL	SPN03_1.1	321	50	0.3	SPN03	505.5
INDEL	SPN03_2.1	338	50	0.3	SPN03	505.5
INDEL	SPN03_3.1	665	50	0.3	SPN03	505.5
INDEL	SPN03_4.1	698	50	0.3	SPN03	505.5
SNV	SPN03_1.1	1977	50	0.3	SPN03	3716.5
SNV	SPN03_2.1	2216	50	0.3	SPN03	3716.5
SNV	SPN03_3.1	5064	50	0.3	SPN03	3716.5
SNV	SPN03_4.1	5609	50	0.3	SPN03	3716.5
INDEL	SPN04_1.1	402	50	0.3	SPN04	431
INDEL	SPN04_2.1	460	50	0.3	SPN04	431
SNV	SPN04_1.1	2710	50	0.3	SPN04	3064
SNV	SPN04_2.1	3418	50	0.3	SPN04	3064
INDEL	SPN05_1.1	17300	50	0.3	SPN05	19998.3333333333
INDEL	SPN05_1.2	21741	50	0.3	SPN05	19998.3333333333
INDEL	SPN05_1.3	20954	50	0.3	SPN05	19998.3333333333
SNV	SPN05_1.1	171948	50	0.3	SPN05	198264.666666667
SNV	SPN05_1.2	216385	50	0.3	SPN05	198264.666666667
SNV	SPN05_1.3	206461	50	0.3	SPN05	198264.666666667
INDEL	SPN06_1.1	1596	50	0.3	SPN06	2555.4
INDEL	SPN06_1.2	2713	50	0.3	SPN06	2555.4
INDEL	SPN06_2.1	2080	50	0.3	SPN06	2555.4
INDEL	SPN06_3.1	2930	50	0.3	SPN06	2555.4
INDEL	SPN06_3.2	3458	50	0.3	SPN06	2555.4
SNV	SPN06_1.1	15317	50	0.3	SPN06	24501
SNV	SPN06_1.2	25620	50	0.3	SPN06	24501
SNV	SPN06_2.1	20041	50	0.3	SPN06	24501
SNV	SPN06_3.1	28694	50	0.3	SPN06	24501
SNV	SPN06_3.2	32833	50	0.3	SPN06	24501
INDEL	SPN07_1.1	1862	50	0.3	SPN07	8070.2
INDEL	SPN07_1.2	1930	50	0.3	SPN07	8070.2
INDEL	SPN07_1.3	2395	50	0.3	SPN07	8070.2
INDEL	SPN07_2.1	14760	50	0.3	SPN07	8070.2
INDEL	SPN07_2.2	19404	50	0.3	SPN07	8070.2
SNV	SPN07_1.1	17243	50	0.3	SPN07	79601.8
SNV	SPN07_1.2	18052	50	0.3	SPN07	79601.8
SNV	SPN07_1.3	21147	50	0.3	SPN07	79601.8
SNV	SPN07_2.1	147807	50	0.3	SPN07	79601.8
SNV	SPN07_2.2	193760	50	0.3	SPN07	79601.8
INDEL	SPN01_1.1	4315	100	0.3	SPN01	4164.33333333333
INDEL	SPN01_1.2	2426	100	0.3	SPN01	4164.33333333333
INDEL	SPN01_1.3	5752	100	0.3	SPN01	4164.33333333333
SNV	SPN01_1.1	42501	100	0.3	SPN01	40557.3333333333
SNV	SPN01_1.2	23109	100	0.3	SPN01	40557.3333333333
SNV	SPN01_1.3	56062	100	0.3	SPN01	40557.3333333333
INDEL	SPN02_1.1	23797	100	0.3	SPN02	20681.5
INDEL	SPN02_1.2	17566	100	0.3	SPN02	20681.5
SNV	SPN02_1.1	334617	100	0.3	SPN02	290540.5
SNV	SPN02_1.2	246464	100	0.3	SPN02	290540.5
INDEL	SPN03_1.1	397	100	0.3	SPN03	627.5
INDEL	SPN03_2.1	417	100	0.3	SPN03	627.5
INDEL	SPN03_3.1	810	100	0.3	SPN03	627.5
INDEL	SPN03_4.1	886	100	0.3	SPN03	627.5
SNV	SPN03_1.1	2696	100	0.3	SPN03	4794.25
SNV	SPN03_2.1	2949	100	0.3	SPN03	4794.25
SNV	SPN03_3.1	6356	100	0.3	SPN03	4794.25
SNV	SPN03_4.1	7176	100	0.3	SPN03	4794.25
INDEL	SPN04_1.1	484	100	0.3	SPN04	513
INDEL	SPN04_2.1	542	100	0.3	SPN04	513
SNV	SPN04_1.1	3517	100	0.3	SPN04	3947
SNV	SPN04_2.1	4377	100	0.3	SPN04	3947
INDEL	SPN05_1.1	27418	100	0.3	SPN05	30405
INDEL	SPN05_1.2	31051	100	0.3	SPN05	30405
INDEL	SPN05_1.3	32746	100	0.3	SPN05	30405
SNV	SPN05_1.1	274830	100	0.3	SPN05	302618
SNV	SPN05_1.2	309501	100	0.3	SPN05	302618
SNV	SPN05_1.3	323523	100	0.3	SPN05	302618
INDEL	SPN06_1.1	2283	100	0.3	SPN06	3500.8
INDEL	SPN06_1.2	3922	100	0.3	SPN06	3500.8
INDEL	SPN06_2.1	2798	100	0.3	SPN06	3500.8
INDEL	SPN06_3.1	3988	100	0.3	SPN06	3500.8
INDEL	SPN06_3.2	4513	100	0.3	SPN06	3500.8
SNV	SPN06_1.1	22186	100	0.3	SPN06	34078.8
SNV	SPN06_1.2	37675	100	0.3	SPN06	34078.8
SNV	SPN06_2.1	27314	100	0.3	SPN06	34078.8
SNV	SPN06_3.1	39577	100	0.3	SPN06	34078.8
SNV	SPN06_3.2	43642	100	0.3	SPN06	34078.8
INDEL	SPN07_1.1	2724	100	0.3	SPN07	12043.6
INDEL	SPN07_1.2	2799	100	0.3	SPN07	12043.6
INDEL	SPN07_1.3	3263	100	0.3	SPN07	12043.6
INDEL	SPN07_2.1	23915	100	0.3	SPN07	12043.6
INDEL	SPN07_2.2	27517	100	0.3	SPN07	12043.6
SNV	SPN07_1.1	25135	100	0.3	SPN07	119003.2
SNV	SPN07_1.2	26800	100	0.3	SPN07	119003.2
SNV	SPN07_1.3	29835	100	0.3	SPN07	119003.2
SNV	SPN07_2.1	239040	100	0.3	SPN07	119003.2
SNV	SPN07_2.2	274206	100	0.3	SPN07	119003.2
INDEL	SPN01_1.1	5164	150	0.3	SPN01	4987
INDEL	SPN01_1.2	3004	150	0.3	SPN01	4987
INDEL	SPN01_1.3	6793	150	0.3	SPN01	4987
SNV	SPN01_1.1	51504	150	0.3	SPN01	48819.3333333333
SNV	SPN01_1.2	28670	150	0.3	SPN01	48819.3333333333
SNV	SPN01_1.3	66284	150	0.3	SPN01	48819.3333333333
INDEL	SPN02_1.1	27808	150	0.3	SPN02	24423.5
INDEL	SPN02_1.2	21039	150	0.3	SPN02	24423.5
SNV	SPN02_1.1	392127	150	0.3	SPN02	344109.5
SNV	SPN02_1.2	296092	150	0.3	SPN02	344109.5
INDEL	SPN03_1.1	451	150	0.3	SPN03	718
INDEL	SPN03_2.1	503	150	0.3	SPN03	718
INDEL	SPN03_3.1	897	150	0.3	SPN03	718
INDEL	SPN03_4.1	1021	150	0.3	SPN03	718
SNV	SPN03_1.1	3204	150	0.3	SPN03	5594.25
SNV	SPN03_2.1	3587	150	0.3	SPN03	5594.25
SNV	SPN03_3.1	7149	150	0.3	SPN03	5594.25
SNV	SPN03_4.1	8437	150	0.3	SPN03	5594.25
INDEL	SPN04_1.1	542	150	0.3	SPN04	568
INDEL	SPN04_2.1	594	150	0.3	SPN04	568
SNV	SPN04_1.1	4130	150	0.3	SPN04	4597
SNV	SPN04_2.1	5064	150	0.3	SPN04	4597
INDEL	SPN05_1.1	36339	150	0.3	SPN05	38694.3333333333
INDEL	SPN05_1.2	37897	150	0.3	SPN05	38694.3333333333
INDEL	SPN05_1.3	41847	150	0.3	SPN05	38694.3333333333
SNV	SPN05_1.1	362235	150	0.3	SPN05	384329.666666667
SNV	SPN05_1.2	376672	150	0.3	SPN05	384329.666666667
SNV	SPN05_1.3	414082	150	0.3	SPN05	384329.666666667
INDEL	SPN06_1.1	2859	150	0.3	SPN06	4272.6
INDEL	SPN06_1.2	4824	150	0.3	SPN06	4272.6
INDEL	SPN06_2.1	3358	150	0.3	SPN06	4272.6
INDEL	SPN06_3.1	4949	150	0.3	SPN06	4272.6
INDEL	SPN06_3.2	5373	150	0.3	SPN06	4272.6
SNV	SPN06_1.1	28036	150	0.3	SPN06	41714.2
SNV	SPN06_1.2	46842	150	0.3	SPN06	41714.2
SNV	SPN06_2.1	32783	150	0.3	SPN06	41714.2
SNV	SPN06_3.1	48706	150	0.3	SPN06	41714.2
SNV	SPN06_3.2	52204	150	0.3	SPN06	41714.2
INDEL	SPN07_1.1	3386	150	0.3	SPN07	15152.6
INDEL	SPN07_1.2	3489	150	0.3	SPN07	15152.6
INDEL	SPN07_1.3	3906	150	0.3	SPN07	15152.6
INDEL	SPN07_2.1	31272	150	0.3	SPN07	15152.6
INDEL	SPN07_2.2	33710	150	0.3	SPN07	15152.6
SNV	SPN07_1.1	31837	150	0.3	SPN07	150280.4
SNV	SPN07_1.2	33683	150	0.3	SPN07	150280.4
SNV	SPN07_1.3	36494	150	0.3	SPN07	150280.4
SNV	SPN07_2.1	313324	150	0.3	SPN07	150280.4
SNV	SPN07_2.2	336064	150	0.3	SPN07	150280.4
INDEL	SPN01_1.1	5992	200	0.3	SPN01	5718.66666666667
INDEL	SPN01_1.2	3477	200	0.3	SPN01	5718.66666666667
INDEL	SPN01_1.3	7687	200	0.3	SPN01	5718.66666666667
SNV	SPN01_1.1	59092	200	0.3	SPN01	55793.6666666667
SNV	SPN01_1.2	33524	200	0.3	SPN01	55793.6666666667
SNV	SPN01_1.3	74765	200	0.3	SPN01	55793.6666666667
INDEL	SPN02_1.1	31111	200	0.3	SPN02	27620.5
INDEL	SPN02_1.2	24130	200	0.3	SPN02	27620.5
SNV	SPN02_1.1	439270	200	0.3	SPN02	389366
SNV	SPN02_1.2	339462	200	0.3	SPN02	389366
INDEL	SPN03_1.1	493	200	0.3	SPN03	788
INDEL	SPN03_2.1	556	200	0.3	SPN03	788
INDEL	SPN03_3.1	964	200	0.3	SPN03	788
INDEL	SPN03_4.1	1139	200	0.3	SPN03	788
SNV	SPN03_1.1	3644	200	0.3	SPN03	6253.75
SNV	SPN03_2.1	4129	200	0.3	SPN03	6253.75
SNV	SPN03_3.1	7739	200	0.3	SPN03	6253.75
SNV	SPN03_4.1	9503	200	0.3	SPN03	6253.75
INDEL	SPN04_1.1	602	200	0.3	SPN04	629
INDEL	SPN04_2.1	656	200	0.3	SPN04	629
SNV	SPN04_1.1	4560	200	0.3	SPN04	5099
SNV	SPN04_2.1	5638	200	0.3	SPN04	5099
INDEL	SPN05_1.1	44271	200	0.3	SPN05	45824.3333333333
INDEL	SPN05_1.2	43575	200	0.3	SPN05	45824.3333333333
INDEL	SPN05_1.3	49627	200	0.3	SPN05	45824.3333333333
SNV	SPN05_1.1	441127	200	0.3	SPN05	455450
SNV	SPN05_1.2	432318	200	0.3	SPN05	455450
SNV	SPN05_1.3	492905	200	0.3	SPN05	455450
INDEL	SPN06_1.1	3371	200	0.3	SPN06	4944.2
INDEL	SPN06_1.2	5640	200	0.3	SPN06	4944.2
INDEL	SPN06_2.1	3827	200	0.3	SPN06	4944.2
INDEL	SPN06_3.1	5750	200	0.3	SPN06	4944.2
INDEL	SPN06_3.2	6133	200	0.3	SPN06	4944.2
SNV	SPN06_1.1	33266	200	0.3	SPN06	48385.2
SNV	SPN06_1.2	54805	200	0.3	SPN06	48385.2
SNV	SPN06_2.1	37435	200	0.3	SPN06	48385.2
SNV	SPN06_3.1	56698	200	0.3	SPN06	48385.2
SNV	SPN06_3.2	59722	200	0.3	SPN06	48385.2
INDEL	SPN07_1.1	3973	200	0.3	SPN07	17891.6
INDEL	SPN07_1.2	4133	200	0.3	SPN07	17891.6
INDEL	SPN07_1.3	4449	200	0.3	SPN07	17891.6
INDEL	SPN07_2.1	37808	200	0.3	SPN07	17891.6
INDEL	SPN07_2.2	39095	200	0.3	SPN07	17891.6
SNV	SPN07_1.1	37605	200	0.3	SPN07	177652.8
SNV	SPN07_1.2	39961	200	0.3	SPN07	177652.8
SNV	SPN07_1.3	42097	200	0.3	SPN07	177652.8
SNV	SPN07_2.1	378159	200	0.3	SPN07	177652.8
SNV	SPN07_2.2	390442	200	0.3	SPN07	177652.8
INDEL	SPN01_1.1	4127	50	0.6	SPN01	3972
INDEL	SPN01_1.2	2400	50	0.6	SPN01	3972
INDEL	SPN01_1.3	5389	50	0.6	SPN01	3972
SNV	SPN01_1.1	40155	50	0.6	SPN01	37980.3333333333
SNV	SPN01_1.2	22949	50	0.6	SPN01	37980.3333333333
SNV	SPN01_1.3	50837	50	0.6	SPN01	37980.3333333333
INDEL	SPN02_1.1	23819	50	0.6	SPN02	20726
INDEL	SPN02_1.2	17633	50	0.6	SPN02	20726
SNV	SPN02_1.1	334170	50	0.6	SPN02	290177.5
SNV	SPN02_1.2	246185	50	0.6	SPN02	290177.5
INDEL	SPN03_1.1	379	50	0.6	SPN03	623.5
INDEL	SPN03_2.1	423	50	0.6	SPN03	623.5
INDEL	SPN03_3.1	811	50	0.6	SPN03	623.5
INDEL	SPN03_4.1	881	50	0.6	SPN03	623.5
SNV	SPN03_1.1	2654	50	0.6	SPN03	4822.25
SNV	SPN03_2.1	3016	50	0.6	SPN03	4822.25
SNV	SPN03_3.1	6391	50	0.6	SPN03	4822.25
SNV	SPN03_4.1	7228	50	0.6	SPN03	4822.25
INDEL	SPN04_1.1	509	50	0.6	SPN04	534.5
INDEL	SPN04_2.1	560	50	0.6	SPN04	534.5
SNV	SPN04_1.1	3415	50	0.6	SPN04	3881.5
SNV	SPN04_2.1	4348	50	0.6	SPN04	3881.5
INDEL	SPN05_1.1	27455	50	0.6	SPN05	30269
INDEL	SPN05_1.2	31043	50	0.6	SPN05	30269
INDEL	SPN05_1.3	32309	50	0.6	SPN05	30269
SNV	SPN05_1.1	272846	50	0.6	SPN05	300787
SNV	SPN05_1.2	308131	50	0.6	SPN05	300787
SNV	SPN05_1.3	321384	50	0.6	SPN05	300787
INDEL	SPN06_1.1	2321	50	0.6	SPN06	3443.6
INDEL	SPN06_1.2	3883	50	0.6	SPN06	3443.6
INDEL	SPN06_2.1	2754	50	0.6	SPN06	3443.6
INDEL	SPN06_3.1	4051	50	0.6	SPN06	3443.6
INDEL	SPN06_3.2	4209	50	0.6	SPN06	3443.6
SNV	SPN06_1.1	22140	50	0.6	SPN06	33289.6
SNV	SPN06_1.2	37257	50	0.6	SPN06	33289.6
SNV	SPN06_2.1	27219	50	0.6	SPN06	33289.6
SNV	SPN06_3.1	39366	50	0.6	SPN06	33289.6
SNV	SPN06_3.2	40466	50	0.6	SPN06	33289.6
INDEL	SPN07_1.1	2556	50	0.6	SPN07	11530
INDEL	SPN07_1.2	2687	50	0.6	SPN07	11530
INDEL	SPN07_1.3	3133	50	0.6	SPN07	11530
INDEL	SPN07_2.1	22861	50	0.6	SPN07	11530
INDEL	SPN07_2.2	26413	50	0.6	SPN07	11530
SNV	SPN07_1.1	24489	50	0.6	SPN07	114346.4
SNV	SPN07_1.2	25628	50	0.6	SPN07	114346.4
SNV	SPN07_1.3	28742	50	0.6	SPN07	114346.4
SNV	SPN07_2.1	227908	50	0.6	SPN07	114346.4
SNV	SPN07_2.2	264965	50	0.6	SPN07	114346.4
INDEL	SPN01_1.1	5669	100	0.6	SPN01	5368.66666666667
INDEL	SPN01_1.2	3374	100	0.6	SPN01	5368.66666666667
INDEL	SPN01_1.3	7063	100	0.6	SPN01	5368.66666666667
SNV	SPN01_1.1	55574	100	0.6	SPN01	52239.6666666667
SNV	SPN01_1.2	33341	100	0.6	SPN01	52239.6666666667
SNV	SPN01_1.3	67804	100	0.6	SPN01	52239.6666666667
INDEL	SPN02_1.1	31055	100	0.6	SPN02	27646
INDEL	SPN02_1.2	24237	100	0.6	SPN02	27646
SNV	SPN02_1.1	438447	100	0.6	SPN02	388797
SNV	SPN02_1.2	339147	100	0.6	SPN02	388797
INDEL	SPN03_1.1	480	100	0.6	SPN03	780.25
INDEL	SPN03_2.1	551	100	0.6	SPN03	780.25
INDEL	SPN03_3.1	963	100	0.6	SPN03	780.25
INDEL	SPN03_4.1	1127	100	0.6	SPN03	780.25
SNV	SPN03_1.1	3636	100	0.6	SPN03	6268.75
SNV	SPN03_2.1	4143	100	0.6	SPN03	6268.75
SNV	SPN03_3.1	7744	100	0.6	SPN03	6268.75
SNV	SPN03_4.1	9552	100	0.6	SPN03	6268.75
INDEL	SPN04_1.1	621	100	0.6	SPN04	658.5
INDEL	SPN04_2.1	696	100	0.6	SPN04	658.5
SNV	SPN04_1.1	4483	100	0.6	SPN04	5050
SNV	SPN04_2.1	5617	100	0.6	SPN04	5050
INDEL	SPN05_1.1	44118	100	0.6	SPN05	45514
INDEL	SPN05_1.2	43165	100	0.6	SPN05	45514
INDEL	SPN05_1.3	49259	100	0.6	SPN05	45514
SNV	SPN05_1.1	438278	100	0.6	SPN05	452585.333333333
SNV	SPN05_1.2	430318	100	0.6	SPN05	452585.333333333
SNV	SPN05_1.3	489160	100	0.6	SPN05	452585.333333333
INDEL	SPN06_1.1	3382	100	0.6	SPN06	4842.4
INDEL	SPN06_1.2	5595	100	0.6	SPN06	4842.4
INDEL	SPN06_2.1	3770	100	0.6	SPN06	4842.4
INDEL	SPN06_3.1	5853	100	0.6	SPN06	4842.4
INDEL	SPN06_3.2	5612	100	0.6	SPN06	4842.4
SNV	SPN06_1.1	33166	100	0.6	SPN06	47258.2
SNV	SPN06_1.2	54232	100	0.6	SPN06	47258.2
SNV	SPN06_2.1	37512	100	0.6	SPN06	47258.2
SNV	SPN06_3.1	56338	100	0.6	SPN06	47258.2
SNV	SPN06_3.2	55043	100	0.6	SPN06	47258.2
INDEL	SPN07_1.1	3760	100	0.6	SPN07	17188.8
INDEL	SPN07_1.2	3929	100	0.6	SPN07	17188.8
INDEL	SPN07_1.3	4314	100	0.6	SPN07	17188.8
INDEL	SPN07_2.1	36285	100	0.6	SPN07	17188.8
INDEL	SPN07_2.2	37656	100	0.6	SPN07	17188.8
SNV	SPN07_1.1	36252	100	0.6	SPN07	170693.8
SNV	SPN07_1.2	38294	100	0.6	SPN07	170693.8
SNV	SPN07_1.3	40571	100	0.6	SPN07	170693.8
SNV	SPN07_2.1	361201	100	0.6	SPN07	170693.8
SNV	SPN07_2.2	377151	100	0.6	SPN07	170693.8
INDEL	SPN01_1.1	6792	150	0.6	SPN01	6464.66666666667
INDEL	SPN01_1.2	4205	150	0.6	SPN01	6464.66666666667
INDEL	SPN01_1.3	8397	150	0.6	SPN01	6464.66666666667
SNV	SPN01_1.1	67774	150	0.6	SPN01	63243.3333333333
SNV	SPN01_1.2	41621	150	0.6	SPN01	63243.3333333333
SNV	SPN01_1.3	80335	150	0.6	SPN01	63243.3333333333
INDEL	SPN02_1.1	36716	150	0.6	SPN02	33153
INDEL	SPN02_1.2	29590	150	0.6	SPN02	33153
SNV	SPN02_1.1	517065	150	0.6	SPN02	465933.5
SNV	SPN02_1.2	414802	150	0.6	SPN02	465933.5
INDEL	SPN03_1.1	545	150	0.6	SPN03	899.75
INDEL	SPN03_2.1	647	150	0.6	SPN03	899.75
INDEL	SPN03_3.1	1059	150	0.6	SPN03	899.75
INDEL	SPN03_4.1	1348	150	0.6	SPN03	899.75
SNV	SPN03_1.1	4420	150	0.6	SPN03	7375.75
SNV	SPN03_2.1	5071	150	0.6	SPN03	7375.75
SNV	SPN03_3.1	8603	150	0.6	SPN03	7375.75
SNV	SPN03_4.1	11409	150	0.6	SPN03	7375.75
INDEL	SPN04_1.1	693	150	0.6	SPN04	745.5
INDEL	SPN04_2.1	798	150	0.6	SPN04	745.5
SNV	SPN04_1.1	5317	150	0.6	SPN04	5956
SNV	SPN04_2.1	6595	150	0.6	SPN04	5956
INDEL	SPN05_1.1	58386	150	0.6	SPN05	57804
INDEL	SPN05_1.2	52281	150	0.6	SPN05	57804
INDEL	SPN05_1.3	62745	150	0.6	SPN05	57804
SNV	SPN05_1.1	579738	150	0.6	SPN05	575395.333333333
SNV	SPN05_1.2	521307	150	0.6	SPN05	575395.333333333
SNV	SPN05_1.3	625141	150	0.6	SPN05	575395.333333333
INDEL	SPN06_1.1	4342	150	0.6	SPN06	6010.8
INDEL	SPN06_1.2	6987	150	0.6	SPN06	6010.8
INDEL	SPN06_2.1	4564	150	0.6	SPN06	6010.8
INDEL	SPN06_3.1	7348	150	0.6	SPN06	6010.8
INDEL	SPN06_3.2	6813	150	0.6	SPN06	6010.8
SNV	SPN06_1.1	42226	150	0.6	SPN06	58639.6
SNV	SPN06_1.2	67999	150	0.6	SPN06	58639.6
SNV	SPN06_2.1	45394	150	0.6	SPN06	58639.6
SNV	SPN06_3.1	70808	150	0.6	SPN06	58639.6
SNV	SPN06_3.2	66771	150	0.6	SPN06	58639.6
INDEL	SPN07_1.1	4777	150	0.6	SPN07	21774.2
INDEL	SPN07_1.2	5048	150	0.6	SPN07	21774.2
INDEL	SPN07_1.3	5289	150	0.6	SPN07	21774.2
INDEL	SPN07_2.1	47218	150	0.6	SPN07	21774.2
INDEL	SPN07_2.2	46539	150	0.6	SPN07	21774.2
SNV	SPN07_1.1	46004	150	0.6	SPN07	216109.6
SNV	SPN07_1.2	48693	150	0.6	SPN07	216109.6
SNV	SPN07_1.3	49739	150	0.6	SPN07	216109.6
SNV	SPN07_2.1	469253	150	0.6	SPN07	216109.6
SNV	SPN07_2.2	466859	150	0.6	SPN07	216109.6
INDEL	SPN01_1.1	7876	200	0.6	SPN01	7428.66666666667
INDEL	SPN01_1.2	4954	200	0.6	SPN01	7428.66666666667
INDEL	SPN01_1.3	9456	200	0.6	SPN01	7428.66666666667
SNV	SPN01_1.1	78242	200	0.6	SPN01	72580.3333333333
SNV	SPN01_1.2	48822	200	0.6	SPN01	72580.3333333333
SNV	SPN01_1.3	90677	200	0.6	SPN01	72580.3333333333
INDEL	SPN02_1.1	41403	200	0.6	SPN02	37834
INDEL	SPN02_1.2	34265	200	0.6	SPN02	37834
SNV	SPN02_1.1	584045	200	0.6	SPN02	532663
SNV	SPN02_1.2	481281	200	0.6	SPN02	532663
INDEL	SPN03_1.1	613	200	0.6	SPN03	996.25
INDEL	SPN03_2.1	748	200	0.6	SPN03	996.25
INDEL	SPN03_3.1	1131	200	0.6	SPN03	996.25
INDEL	SPN03_4.1	1493	200	0.6	SPN03	996.25
SNV	SPN03_1.1	5100	200	0.6	SPN03	8312.25
SNV	SPN03_2.1	5923	200	0.6	SPN03	8312.25
SNV	SPN03_3.1	9324	200	0.6	SPN03	8312.25
SNV	SPN03_4.1	12902	200	0.6	SPN03	8312.25
INDEL	SPN04_1.1	762	200	0.6	SPN04	821.5
INDEL	SPN04_2.1	881	200	0.6	SPN04	821.5
SNV	SPN04_1.1	5998	200	0.6	SPN04	6665.5
SNV	SPN04_2.1	7333	200	0.6	SPN04	6665.5
INDEL	SPN05_1.1	71117	200	0.6	SPN05	68709.3333333333
INDEL	SPN05_1.2	60065	200	0.6	SPN05	68709.3333333333
INDEL	SPN05_1.3	74946	200	0.6	SPN05	68709.3333333333
SNV	SPN05_1.1	706500	200	0.6	SPN05	683253.333333333
SNV	SPN05_1.2	597625	200	0.6	SPN05	683253.333333333
SNV	SPN05_1.3	745635	200	0.6	SPN05	683253.333333333
INDEL	SPN06_1.1	5191	200	0.6	SPN06	7038.2
INDEL	SPN06_1.2	8210	200	0.6	SPN06	7038.2
INDEL	SPN06_2.1	5258	200	0.6	SPN06	7038.2
INDEL	SPN06_3.1	8640	200	0.6	SPN06	7038.2
INDEL	SPN06_3.2	7892	200	0.6	SPN06	7038.2
SNV	SPN06_1.1	50526	200	0.6	SPN06	68643.4
SNV	SPN06_1.2	80184	200	0.6	SPN06	68643.4
SNV	SPN06_2.1	51999	200	0.6	SPN06	68643.4
SNV	SPN06_3.1	83528	200	0.6	SPN06	68643.4
SNV	SPN06_3.2	76980	200	0.6	SPN06	68643.4
INDEL	SPN07_1.1	5625	200	0.6	SPN07	25777.8
INDEL	SPN07_1.2	5998	200	0.6	SPN07	25777.8
INDEL	SPN07_1.3	6077	200	0.6	SPN07	25777.8
INDEL	SPN07_2.1	56807	200	0.6	SPN07	25777.8
INDEL	SPN07_2.2	54382	200	0.6	SPN07	25777.8
SNV	SPN07_1.1	54310	200	0.6	SPN07	255681.8
SNV	SPN07_1.2	58102	200	0.6	SPN07	255681.8
SNV	SPN07_1.3	57349	200	0.6	SPN07	255681.8
SNV	SPN07_2.1	564679	200	0.6	SPN07	255681.8
SNV	SPN07_2.2	543969	200	0.6	SPN07	255681.8
INDEL	SPN01_1.1	4688	50	0.9	SPN01	4489.33333333333
INDEL	SPN01_1.2	2940	50	0.9	SPN01	4489.33333333333
INDEL	SPN01_1.3	5840	50	0.9	SPN01	4489.33333333333
SNV	SPN01_1.1	45630	50	0.9	SPN01	43063.3333333333
SNV	SPN01_1.2	27993	50	0.9	SPN01	43063.3333333333
SNV	SPN01_1.3	55567	50	0.9	SPN01	43063.3333333333
INDEL	SPN02_1.1	27655	50	0.9	SPN02	24348.5
INDEL	SPN02_1.2	21042	50	0.9	SPN02	24348.5
SNV	SPN02_1.1	391087	50	0.9	SPN02	343477
SNV	SPN02_1.2	295867	50	0.9	SPN02	343477
INDEL	SPN03_1.1	422	50	0.9	SPN03	701.25
INDEL	SPN03_2.1	476	50	0.9	SPN03	701.25
INDEL	SPN03_3.1	895	50	0.9	SPN03	701.25
INDEL	SPN03_4.1	1012	50	0.9	SPN03	701.25
SNV	SPN03_1.1	3224	50	0.9	SPN03	5593.25
SNV	SPN03_2.1	3544	50	0.9	SPN03	5593.25
SNV	SPN03_3.1	7127	50	0.9	SPN03	5593.25
SNV	SPN03_4.1	8478	50	0.9	SPN03	5593.25
INDEL	SPN04_1.1	559	50	0.9	SPN04	598
INDEL	SPN04_2.1	637	50	0.9	SPN04	598
SNV	SPN04_1.1	3989	50	0.9	SPN04	4507.5
SNV	SPN04_2.1	5026	50	0.9	SPN04	4507.5
INDEL	SPN05_1.1	36069	50	0.9	SPN05	38128
INDEL	SPN05_1.2	37172	50	0.9	SPN05	38128
INDEL	SPN05_1.3	41143	50	0.9	SPN05	38128
SNV	SPN05_1.1	357404	50	0.9	SPN05	380390.666666667
SNV	SPN05_1.2	374130	50	0.9	SPN05	380390.666666667
SNV	SPN05_1.3	409638	50	0.9	SPN05	380390.666666667
INDEL	SPN06_1.1	2836	50	0.9	SPN06	4120.2
INDEL	SPN06_1.2	4774	50	0.9	SPN06	4120.2
INDEL	SPN06_2.1	3366	50	0.9	SPN06	4120.2
INDEL	SPN06_3.1	4867	50	0.9	SPN06	4120.2
INDEL	SPN06_3.2	4758	50	0.9	SPN06	4120.2
SNV	SPN06_1.1	27782	50	0.9	SPN06	40118
SNV	SPN06_1.2	46438	50	0.9	SPN06	40118
SNV	SPN06_2.1	32519	50	0.9	SPN06	40118
SNV	SPN06_3.1	48270	50	0.9	SPN06	40118
SNV	SPN06_3.2	45581	50	0.9	SPN06	40118
INDEL	SPN07_1.1	3161	50	0.9	SPN07	14002.2
INDEL	SPN07_1.2	3248	50	0.9	SPN07	14002.2
INDEL	SPN07_1.3	3700	50	0.9	SPN07	14002.2
INDEL	SPN07_2.1	28540	50	0.9	SPN07	14002.2
INDEL	SPN07_2.2	31362	50	0.9	SPN07	14002.2
SNV	SPN07_1.1	29334	50	0.9	SPN07	138886.8
SNV	SPN07_1.2	31021	50	0.9	SPN07	138886.8
SNV	SPN07_1.3	34326	50	0.9	SPN07	138886.8
SNV	SPN07_2.1	286144	50	0.9	SPN07	138886.8
SNV	SPN07_2.2	313609	50	0.9	SPN07	138886.8
INDEL	SPN01_1.1	6547	100	0.9	SPN01	6221.33333333333
INDEL	SPN01_1.2	4324	100	0.9	SPN01	6221.33333333333
INDEL	SPN01_1.3	7793	100	0.9	SPN01	6221.33333333333
SNV	SPN01_1.1	63661	100	0.9	SPN01	59672
SNV	SPN01_1.2	41095	100	0.9	SPN01	59672
SNV	SPN01_1.3	74260	100	0.9	SPN01	59672
INDEL	SPN02_1.1	36474	100	0.9	SPN02	33004
INDEL	SPN02_1.2	29534	100	0.9	SPN02	33004
SNV	SPN02_1.1	516689	100	0.9	SPN02	465531
SNV	SPN02_1.2	414373	100	0.9	SPN02	465531
INDEL	SPN03_1.1	546	100	0.9	SPN03	888
INDEL	SPN03_2.1	617	100	0.9	SPN03	888
INDEL	SPN03_3.1	1070	100	0.9	SPN03	888
INDEL	SPN03_4.1	1319	100	0.9	SPN03	888
SNV	SPN03_1.1	4454	100	0.9	SPN03	7377
SNV	SPN03_2.1	5032	100	0.9	SPN03	7377
SNV	SPN03_3.1	8578	100	0.9	SPN03	7377
SNV	SPN03_4.1	11444	100	0.9	SPN03	7377
INDEL	SPN04_1.1	702	100	0.9	SPN04	756
INDEL	SPN04_2.1	810	100	0.9	SPN04	756
SNV	SPN04_1.1	5342	100	0.9	SPN04	5932
SNV	SPN04_2.1	6522	100	0.9	SPN04	5932
INDEL	SPN05_1.1	57799	100	0.9	SPN05	57465
INDEL	SPN05_1.2	51922	100	0.9	SPN05	57465
INDEL	SPN05_1.3	62674	100	0.9	SPN05	57465
SNV	SPN05_1.1	574859	100	0.9	SPN05	572227
SNV	SPN05_1.2	519667	100	0.9	SPN05	572227
SNV	SPN05_1.3	622155	100	0.9	SPN05	572227
INDEL	SPN06_1.1	4333	100	0.9	SPN06	5923.4
INDEL	SPN06_1.2	6965	100	0.9	SPN06	5923.4
INDEL	SPN06_2.1	4660	100	0.9	SPN06	5923.4
INDEL	SPN06_3.1	7194	100	0.9	SPN06	5923.4
INDEL	SPN06_3.2	6465	100	0.9	SPN06	5923.4
SNV	SPN06_1.1	42135	100	0.9	SPN06	57688.6
SNV	SPN06_1.2	68256	100	0.9	SPN06	57688.6
SNV	SPN06_2.1	45097	100	0.9	SPN06	57688.6
SNV	SPN06_3.1	70514	100	0.9	SPN06	57688.6
SNV	SPN06_3.2	62441	100	0.9	SPN06	57688.6
INDEL	SPN07_1.1	4635	100	0.9	SPN07	20922.8
INDEL	SPN07_1.2	4853	100	0.9	SPN07	20922.8
INDEL	SPN07_1.3	5099	100	0.9	SPN07	20922.8
INDEL	SPN07_2.1	44948	100	0.9	SPN07	20922.8
INDEL	SPN07_2.2	45079	100	0.9	SPN07	20922.8
SNV	SPN07_1.1	44006	100	0.9	SPN07	207413.6
SNV	SPN07_1.2	46682	100	0.9	SPN07	207413.6
SNV	SPN07_1.3	48257	100	0.9	SPN07	207413.6
SNV	SPN07_2.1	448992	100	0.9	SPN07	207413.6
SNV	SPN07_2.2	449131	100	0.9	SPN07	207413.6
INDEL	SPN01_1.1	8056	150	0.9	SPN01	7565.66666666667
INDEL	SPN01_1.2	5398	150	0.9	SPN01	7565.66666666667
INDEL	SPN01_1.3	9243	150	0.9	SPN01	7565.66666666667
SNV	SPN01_1.1	77943	150	0.9	SPN01	72462.6666666667
SNV	SPN01_1.2	51324	150	0.9	SPN01	72462.6666666667
SNV	SPN01_1.3	88121	150	0.9	SPN01	72462.6666666667
INDEL	SPN02_1.1	43253	150	0.9	SPN02	39844
INDEL	SPN02_1.2	36435	150	0.9	SPN02	39844
SNV	SPN02_1.1	613445	150	0.9	SPN02	562045
SNV	SPN02_1.2	510645	150	0.9	SPN02	562045
INDEL	SPN03_1.1	670	150	0.9	SPN03	1042.5
INDEL	SPN03_2.1	769	150	0.9	SPN03	1042.5
INDEL	SPN03_3.1	1183	150	0.9	SPN03	1042.5
INDEL	SPN03_4.1	1548	150	0.9	SPN03	1042.5
SNV	SPN03_1.1	5368	150	0.9	SPN03	8707.25
SNV	SPN03_2.1	6274	150	0.9	SPN03	8707.25
SNV	SPN03_3.1	9530	150	0.9	SPN03	8707.25
SNV	SPN03_4.1	13657	150	0.9	SPN03	8707.25
INDEL	SPN04_1.1	802	150	0.9	SPN04	867.5
INDEL	SPN04_2.1	933	150	0.9	SPN04	867.5
SNV	SPN04_1.1	6371	150	0.9	SPN04	6973.5
SNV	SPN04_2.1	7576	150	0.9	SPN04	6973.5
INDEL	SPN05_1.1	76186	150	0.9	SPN05	73142.6666666667
INDEL	SPN05_1.2	62998	150	0.9	SPN05	73142.6666666667
INDEL	SPN05_1.3	80244	150	0.9	SPN05	73142.6666666667
SNV	SPN05_1.1	760095	150	0.9	SPN05	729397.333333333
SNV	SPN05_1.2	630037	150	0.9	SPN05	729397.333333333
SNV	SPN05_1.3	798060	150	0.9	SPN05	729397.333333333
INDEL	SPN06_1.1	5564	150	0.9	SPN06	7387.4
INDEL	SPN06_1.2	8758	150	0.9	SPN06	7387.4
INDEL	SPN06_2.1	5665	150	0.9	SPN06	7387.4
INDEL	SPN06_3.1	9100	150	0.9	SPN06	7387.4
INDEL	SPN06_3.2	7850	150	0.9	SPN06	7387.4
SNV	SPN06_1.1	53986	150	0.9	SPN06	72067.4
SNV	SPN06_1.2	86004	150	0.9	SPN06	72067.4
SNV	SPN06_2.1	54843	150	0.9	SPN06	72067.4
SNV	SPN06_3.1	89557	150	0.9	SPN06	72067.4
SNV	SPN06_3.2	75947	150	0.9	SPN06	72067.4
INDEL	SPN07_1.1	5805	150	0.9	SPN07	26515.6
INDEL	SPN07_1.2	6127	150	0.9	SPN07	26515.6
INDEL	SPN07_1.3	6257	150	0.9	SPN07	26515.6
INDEL	SPN07_2.1	58470	150	0.9	SPN07	26515.6
INDEL	SPN07_2.2	55919	150	0.9	SPN07	26515.6
SNV	SPN07_1.1	55780	150	0.9	SPN07	263024.2
SNV	SPN07_1.2	59671	150	0.9	SPN07	263024.2
SNV	SPN07_1.3	59015	150	0.9	SPN07	263024.2
SNV	SPN07_2.1	582861	150	0.9	SPN07	263024.2
SNV	SPN07_2.2	557794	150	0.9	SPN07	263024.2
INDEL	SPN01_1.1	9316	200	0.9	SPN01	8656
INDEL	SPN01_1.2	6282	200	0.9	SPN01	8656
INDEL	SPN01_1.3	10370	200	0.9	SPN01	8656
SNV	SPN01_1.1	90106	200	0.9	SPN01	83243
SNV	SPN01_1.2	60180	200	0.9	SPN01	83243
SNV	SPN01_1.3	99443	200	0.9	SPN01	83243
INDEL	SPN02_1.1	49090	200	0.9	SPN02	45727
INDEL	SPN02_1.2	42364	200	0.9	SPN02	45727
SNV	SPN02_1.1	695848	200	0.9	SPN02	645133.5
SNV	SPN02_1.2	594419	200	0.9	SPN02	645133.5
INDEL	SPN03_1.1	767	200	0.9	SPN03	1169.5
INDEL	SPN03_2.1	887	200	0.9	SPN03	1169.5
INDEL	SPN03_3.1	1275	200	0.9	SPN03	1169.5
INDEL	SPN03_4.1	1749	200	0.9	SPN03	1169.5
SNV	SPN03_1.1	6168	200	0.9	SPN03	9834.25
SNV	SPN03_2.1	7373	200	0.9	SPN03	9834.25
SNV	SPN03_3.1	10251	200	0.9	SPN03	9834.25
SNV	SPN03_4.1	15545	200	0.9	SPN03	9834.25
INDEL	SPN04_1.1	893	200	0.9	SPN04	973
INDEL	SPN04_2.1	1053	200	0.9	SPN04	973
SNV	SPN04_1.1	7156	200	0.9	SPN04	7812.5
SNV	SPN04_2.1	8469	200	0.9	SPN04	7812.5
INDEL	SPN05_1.1	92755	200	0.9	SPN05	87042.6666666667
INDEL	SPN05_1.2	72476	200	0.9	SPN05	87042.6666666667
INDEL	SPN05_1.3	95897	200	0.9	SPN05	87042.6666666667
SNV	SPN05_1.1	925023	200	0.9	SPN05	867064.666666667
SNV	SPN05_1.2	723400	200	0.9	SPN05	867064.666666667
SNV	SPN05_1.3	952771	200	0.9	SPN05	867064.666666667
INDEL	SPN06_1.1	6666	200	0.9	SPN06	8684.4
INDEL	SPN06_1.2	10335	200	0.9	SPN06	8684.4
INDEL	SPN06_2.1	6524	200	0.9	SPN06	8684.4
INDEL	SPN06_3.1	10836	200	0.9	SPN06	8684.4
INDEL	SPN06_3.2	9061	200	0.9	SPN06	8684.4
SNV	SPN06_1.1	64559	200	0.9	SPN06	84600.8
SNV	SPN06_1.2	101386	200	0.9	SPN06	84600.8
SNV	SPN06_2.1	63090	200	0.9	SPN06	84600.8
SNV	SPN06_3.1	106254	200	0.9	SPN06	84600.8
SNV	SPN06_3.2	87715	200	0.9	SPN06	84600.8
INDEL	SPN07_1.1	6826	200	0.9	SPN07	31387.8
INDEL	SPN07_1.2	7327	200	0.9	SPN07	31387.8
INDEL	SPN07_1.3	7155	200	0.9	SPN07	31387.8
INDEL	SPN07_2.1	70347	200	0.9	SPN07	31387.8
INDEL	SPN07_2.2	65284	200	0.9	SPN07	31387.8
SNV	SPN07_1.1	65932	200	0.9	SPN07	311549.4
SNV	SPN07_1.2	71271	200	0.9	SPN07	311549.4
SNV	SPN07_1.3	68159	200	0.9	SPN07	311549.4
SNV	SPN07_2.1	701946	200	0.9	SPN07	311549.4
SNV	SPN07_2.2	650439	200	0.9	SPN07	311549.4
