chr,begin,end,major,minor,ratio,sample,mutant,order,CNA_type,code,,,,,,
5,107707518,127707517,1,0,0.555600815,SPN01_1.1,Clone 2,0,D,APC,,,,,,
5,107707518,127707517,2,0,0.444399185,SPN01_1.1,Clone 2,0,D,APC,,,,,,
5,107707518,127707517,1,0,1,SPN01_1.2,Clone 2,0,D,APC,,,,,,
5,107707518,127707517,2,0,1,SPN01_1.3,Clone 2,0,D,APC,,,,,,
13,45000000,54999999,1,0,1,SPN03_1.1,Clone 1,1,D,13q14.2,,,,,,
13,45000000,54999999,1,0,1,SPN03_2.1,Clone 1,1,D,13q14.2,,,,,,
13,45000000,54999999,1,0,1,SPN03_3.1,Clone 1,1,D,13q14.2,,,,,,
13,45000000,54999999,1,0,1,SPN03_4.1,Clone 1,1,D,13q14.2,,,,,,
8,46000001,145138636,2,1,1,SPN04_1.1,Clone 2,0,A,MYC,,,,,,
8,46000001,145138636,2,1,1,SPN04_2.1,Clone 2,0,A,MYC,,,,,,
7,54615322,74615321,1,1,0.06305578,SPN06_1.1,Clone 3,0,A,EGFR,,,,,,
7,54615322,74615321,2,1,0.93694422,SPN06_1.1,Clone 3,0,A,EGFR,,,,,,
12,24728091,44728090,1,1,1,SPN06_1.1,Clone 6,0,A,KRAS,,,,,,
19,702994,20702993,1,0,1,SPN06_1.1,Clone 2,0,D,STK11,,,,,,
7,54615322,74615321,1,1,0.836372847,SPN06_1.2,Clone 3,0,A,EGFR,,,,,,
7,54615322,74615321,2,1,0.163627153,SPN06_1.2,Clone 3,0,A,EGFR,,,,,,
12,24728091,44728090,1,1,1,SPN06_1.2,Clone 6,0,A,KRAS,,,,,,
19,702994,20702993,1,0,1,SPN06_1.2,Clone 2,0,D,STK11,,,,,,
7,54615322,74615321,1,1,1,SPN06_2.1,Clone 3,0,A,EGFR,,,,,,
12,24728091,44728090,1,1,1,SPN06_2.1,Clone 6,0,A,KRAS,,,,,,
19,702994,20702993,1,0,1,SPN06_2.1,Clone 2,0,D,STK11,,,,,,
7,54615322,74615321,1,1,1,SPN06_3.1,Clone 3,0,A,EGFR,,,,,,
12,24728091,44728090,2,1,1,SPN06_3.1,Clone 6,0,A,KRAS,,,,,,
19,702994,20702993,1,0,1,SPN06_3.1,Clone 2,0,D,STK11,,,,,,
7,54615322,74615321,1,1,0.309153713,SPN06_3.2,Clone 3,0,A,EGFR,,,,,,
7,54615322,74615321,2,2,0.690846287,SPN06_3.2,Clone 3,0,A,EGFR,,,,,,
12,24728091,44728090,2,1,0.309153713,SPN06_3.2,Clone 6,0,A,KRAS,,,,,,
12,24728091,44728090,4,2,0.690846287,SPN06_3.2,Clone 6,0,A,KRAS,,,,,,
19,702994,20702993,1,0,0.309153713,SPN06_3.2,Clone 2,0,D,STK11,,,,,,
19,702994,20702993,2,0,0.690846287,SPN06_3.2,Clone 2,0,D,STK11,,,,,,
10,42545820,133797422,1,0,1,SPN07_1.1,Clone 2,0,D,PTEN,,,,,,
10,42545820,133797422,1,0,1,SPN07_1.2,Clone 2,0,D,PTEN,,,,,,
10,42545820,133797422,1,0,1,SPN07_1.3,Clone 2,0,D,PTEN,,,,,,
10,42545820,133797422,1,0,1,SPN07_2.1,Clone 2,0,D,PTEN,,,,,,
10,42545820,133797422,1,0,1,SPN07_2.2,Clone 2,0,D,PTEN,,,,,,